tank,treatment,rep_type,date,day,ph_with_correction,alkalinity,spectrometery_temperature ,salinity,insitu_temperature
H1,C,H,3/9/2022,23,,2386.41,25,28.38,12.08
H2,T,H,3/9/2022,23,,2386.41,25,28.42,12.08
H3,T,H,3/9/2022,23,,2386.41,25,28.45,12.3
H4,C,H,3/9/2022,23,,2386.41,25,28.41,11.98
B1,C,B,3/9/2022,23,,2386.41,25,28.48,13.05
B2,C,B,3/9/2022,23,,2386.41,25,28.47,13.03
B3,T,B,3/9/2022,23,,2386.41,25,28.47,13.03
B4,T,B,3/9/2022,23,,2386.41,25,28.46,12.89
B5,T,B,3/9/2022,23,,2386.41,25,28.48,13.04
B6,T,B,3/9/2022,23,,2386.41,25,28.45,12.89
B7,C,B,3/9/2022,23,,2386.41,25,28.49,13.1
B8,C,B,3/9/2022,23,,2386.41,25,28.49,13.13
B9,C,B,3/9/2022,23,,2386.41,25,28.46,12.83
B10,C,B,3/9/2022,23,,2386.41,25,28.49,13.07
B11,T,B,3/9/2022,23,,2386.41,25,28.44,12.79
B12,T,B,3/9/2022,23,,2386.41,25,28.47,12.9
B13,T,B,3/9/2022,23,,2386.41,25,28.45,12.83
B14,T,B,3/9/2022,23,,2386.41,25,28.46,12.76
B15,C,B,3/9/2022,23,,2386.41,25,28.46,12.81
B16,C,B,3/9/2022,23,,2386.41,25,28.46,12.83
H1,C,H,3/12/2022,26,7.67906274,2386.41,25,,10.2
H2,T,H,3/12/2022,26,7.67906274,2386.41,25,,10.15
H3,T,H,3/12/2022,26,7.688192239,2386.41,25,,10.45
H4,C,H,3/12/2022,26,7.670291441,2386.41,25,,10.23
B1,C,B,3/12/2022,26,7.652262278,2386.41,25,,10.33
B2,C,B,3/12/2022,26,7.653263056,2386.41,25,,10.31
B3,T,B,3/12/2022,26,7.646783889,2386.41,25,,10.48
B4,T,B,3/12/2022,26,7.652262278,2386.41,25,,10.45
B5,T,B,3/12/2022,26,7.643684133,2386.41,25,,10.34
B6,T,B,3/12/2022,26,7.642991299,2386.41,25,,10.31
B7,C,B,3/12/2022,26,7.624981243,2386.41,25,,10.33
B8,C,B,3/12/2022,26,7.644992869,2386.41,25,,10.34
B9,C,B,3/12/2022,26,7.670613165,2386.41,25,,10.27
B10,C,B,3/12/2022,26,7.644350839,2386.41,25,,10.28
B11,T,B,3/12/2022,26,7.670455308,2386.41,25,,10.45
B12,T,B,3/12/2022,26,7.669944247,2386.41,25,,10.5
B13,T,B,3/12/2022,26,7.644992869,2386.41,25,,10.31
B14,T,B,3/12/2022,26,7.67906274,2386.41,25,,10.3
B15,C,B,3/12/2022,26,7.624981243,2386.41,25,,10.3
B16,C,B,3/12/2022,26,7.67906274,2386.41,25,,10.29
H1,C,H,3/14/2022,28,7.696806941,2386.41,25,,10.32
H2,T,H,3/14/2022,28,7.687521766,2386.41,25,,10.3
H3,T,H,3/14/2022,28,7.652262278,2386.41,25,,10.58
H4,C,H,3/14/2022,28,7.661360075,2386.41,25,,10.25
B1,C,B,3/14/2022,28,7.636089686,2386.41,25,,10.36
B2,C,B,3/14/2022,28,7.651732188,2386.41,25,,10.29
B3,T,B,3/14/2022,28,7.626020234,2386.41,25,,10.72
B4,T,B,3/14/2022,28,7.615351625,2386.41,25,,10.77
B5,T,B,3/14/2022,28,7.59715118,2386.41,25,,10.4
B6,T,B,3/14/2022,28,7.623900681,2386.41,25,,10.29
B7,C,B,3/14/2022,28,7.626020234,2386.41,25,,10.38
B8,C,B,3/14/2022,28,7.626020234,2386.41,25,,10.33
B9,C,B,3/14/2022,28,7.652262278,2386.41,25,,10.28
B10,C,B,3/14/2022,28,7.642270772,2386.41,25,,10.28
B11,T,B,3/14/2022,28,7.643684133,2386.41,25,,10.72
B12,T,B,3/14/2022,28,7.644350839,2386.41,25,,10.74
B13,T,B,3/14/2022,28,7.624981243,2386.41,25,,10.3
B14,T,B,3/14/2022,28,7.634422873,2386.41,25,,10.28
B15,C,B,3/14/2022,28,7.582745058,2386.41,25,,10.3
B16,C,B,3/14/2022,28,7.617777088,2386.41,25,,10.32
H1,C,H,3/15/2022,29,7.519004469,2386.41,25,29.82,10.1
H2,T,H,3/15/2022,29,7.630954512,2386.41,25,29.79,10.18
H3,T,H,3/15/2022,29,7.623145543,2386.41,25,29.87,10.33
H4,C,H,3/15/2022,29,6.61262319,2386.41,25,29.79,10.35
B1,C,B,3/15/2022,29,6.877860232,2386.41,25,29.74,10.06
B2,C,B,3/15/2022,29,6.931588283,2386.41,25,29.77,10.05
B3,T,B,3/15/2022,29,7.539963033,2386.41,25,29.93,10.45
B4,T,B,3/15/2022,29,7.553864345,2386.41,25,29.89,10.41
B5,T,B,3/15/2022,29,7.583352001,2386.41,25,29.9,10.46
B6,T,B,3/15/2022,29,7.59531548,2386.41,25,29.87,10.37
B7,C,B,3/15/2022,29,7.508485501,2386.41,25,29.9,10.47
B8,C,B,3/15/2022,29,7.51559465,2386.41,25,29.87,10.43
B9,C,B,3/15/2022,29,6.93653446,2386.41,25,29.7,10.03
B10,C,B,3/15/2022,29,6.912375015,2386.41,25,29.76,10.03
B11,T,B,3/15/2022,29,7.559953454,2386.41,25,29.33,10.41
B12,T,B,3/15/2022,29,7.547603714,2386.41,25,28.98,10.41
B13,T,B,3/15/2022,29,7.572925922,2386.41,25,29.88,10.31
B14,T,B,3/15/2022,29,7.588242379,2386.41,25,29.88,10.34
B15,C,B,3/15/2022,29,7.512126676,2386.41,25,29.88,10.4
B16,C,B,3/15/2022,29,7.504185996,2386.41,25,29.85,10.38
H1,C,H,3/21/2022,35,7.632621412,2386.41,,,
H2,T,H,3/21/2022,35,7.641520853,2386.41,,,
H3,T,H,3/21/2022,35,7.652262278,2386.41,,,
H4,C,H,3/21/2022,35,7.465136107,2386.41,,,
H1,C,H,3/22/2022,36,6.525433254,2386.41,25,30.17,
H2,T,H,3/22/2022,36,7.542038918,2386.41,25,30.22,
H3,T,H,3/22/2022,36,7.550451932,2386.41,25,30.12,
H4,C,H,3/22/2022,36,7.315435769,2386.41,25,30.18,
B1,C,B,3/22/2022,36,,2386.41,25,30.2,
B2,C,B,3/22/2022,36,,2386.41,25,30.27,
B3,T,B,3/22/2022,36,,2386.41,25,30.31,
B4,T,B,3/22/2022,36,,2386.41,25,30.3,
B5,T,B,3/22/2022,36,,2386.41,25,30.35,
B6,T,B,3/22/2022,36,,2386.41,25,30.29,
B7,C,B,3/22/2022,36,,2386.41,25,30.3,
B8,C,B,3/22/2022,36,,2386.41,25,30.31,
B9,C,B,3/22/2022,36,,2386.41,25,30.02,
B10,C,B,3/22/2022,36,,2386.41,25,30.19,
B11,T,B,3/22/2022,36,,2386.41,25,30.28,
B12,T,B,3/22/2022,36,,2386.41,25,30.3,
B13,T,B,3/22/2022,36,,2386.41,25,30.32,
B14,T,B,3/22/2022,36,,2386.41,25,30.29,
B15,C,B,3/22/2022,36,,2386.41,25,30.33,
B16,C,B,3/22/2022,36,,2386.41,25,30.32,
H1,C,H,3/23/2022,37,6.424627435,2386.41,25,30.32,10.02
H2,T,H,3/23/2022,37,7.552300748,2386.41,25,30.37,10.27
H3,T,H,3/23/2022,37,7.560844291,2386.41,25,30.37,10.26
H4,C,H,3/23/2022,37,7.318019757,2386.41,25,30.32,10.26
B1,C,B,3/23/2022,37,,2386.41,25,30.35,10.57
B2,C,B,3/23/2022,37,,2386.41,25,30.36,10.44
B3,T,B,3/23/2022,37,,2386.41,25,30.37,10.57
B4,T,B,3/23/2022,37,,2386.41,25,30.36,10.55
B5,T,B,3/23/2022,37,,2386.41,25,30.38,10.7
B6,T,B,3/23/2022,37,,2386.41,25,30.34,10.62
B7,C,B,3/23/2022,37,,2386.41,25,30.36,10.67
B8,C,B,3/23/2022,37,,2386.41,25,30.35,10.56
B9,C,B,3/23/2022,37,,2386.41,25,29.76,10.53
B10,C,B,3/23/2022,37,,2386.41,25,30.3,10.49
B11,T,B,3/23/2022,37,,2386.41,25,30.34,10.45
B12,T,B,3/23/2022,37,,2386.41,25,30.35,10.52
B13,T,B,3/23/2022,37,,2386.41,25,30.36,10.54
B14,T,B,3/23/2022,37,,2386.41,25,30.35,10.48
B15,C,B,3/23/2022,37,,2386.41,25,30.36,10.49
B16,C,B,3/23/2022,37,,2386.41,25,30.35,10.51
H1,C,H,3/24/2022,38,7.661478731,2386.41,25,30.23,10.1
H2,T,H,3/24/2022,38,7.375056071,2386.41,25,30.3,9.97
H3,T,H,3/24/2022,38,7.434946171,2386.41,25,30.33,10.18
H4,C,H,3/24/2022,38,7.642327209,2386.41,25,30.32,10.26
B1,C,B,3/24/2022,38,,2386.41,25,30.26,10.45
B2,C,B,3/24/2022,38,,2386.41,25,30.31,10.38
B3,T,B,3/24/2022,38,,2386.41,25,30.34,10.49
B4,T,B,3/24/2022,38,,2386.41,25,30.32,10.42
B5,T,B,3/24/2022,38,,2386.41,25,30.36,10.57
B6,T,B,3/24/2022,38,,2386.41,25,30.33,10.56
B7,C,B,3/24/2022,38,,2386.41,25,30.35,10.58
B8,C,B,3/24/2022,38,,2386.41,25,30.3,10.46
B9,C,B,3/24/2022,38,,2386.41,25,30.21,10.46
B10,C,B,3/24/2022,38,,2386.41,25,30.3,10.39
B11,T,B,3/24/2022,38,,2386.41,25,30.32,10.39
B12,T,B,3/24/2022,38,,2386.41,25,30.34,10.39
B13,T,B,3/24/2022,38,,2386.41,25,30.33,10.51
B14,T,B,3/24/2022,38,,2386.41,25,30.34,10.45
B15,C,B,3/24/2022,38,,2386.41,25,30.33,10.42
B16,C,B,3/24/2022,38,,2386.41,25,30.31,10.43
H1,C,H,3/25/2022,39,7.596275565,2386.41,25,30.09,10.2
H2,T,H,3/25/2022,39,7.38284397,2386.41,25,30.24,10.19
H3,T,H,3/25/2022,39,7.404815497,2386.41,25,30.26,10.22
H4,C,H,3/25/2022,39,7.595959065,2386.41,25,30.24,10.12
B1,C,B,3/25/2022,39,,2386.41,25,30.24,10.36
B2,C,B,3/25/2022,39,,2386.41,25,30.25,10.29
B3,T,B,3/25/2022,39,,2386.41,25,30.26,10.26
B4,T,B,3/25/2022,39,,2386.41,25,30.25,10.26
B5,T,B,3/25/2022,39,,2386.41,25,30.26,10.37
B6,T,B,3/25/2022,39,,2386.41,25,30.28,10.4
B7,C,B,3/25/2022,39,,2386.41,25,30.26,10.4
B8,C,B,3/25/2022,39,,2386.41,25,30.27,10.4
B9,C,B,3/25/2022,39,,2386.41,25,30.2,10.5
B10,C,B,3/25/2022,39,,2386.41,25,30.22,10.3
B11,T,B,3/25/2022,39,,2386.41,25,30.25,10.3
B12,T,B,3/25/2022,39,,2386.41,25,30.22,10.3
B13,T,B,3/25/2022,39,,2386.41,25,30.24,10.4
B14,T,B,3/25/2022,39,,2386.41,25,30.24,10.4
B15,C,B,3/25/2022,39,,2386.41,25,30.26,10.4
B16,C,B,3/25/2022,39,,2386.41,25,30.23,10.4
H1,C,H,3/28/2022,42,7.631123312,2386.41,25,29.71,10.16
H2,T,H,3/28/2022,42,7.496790614,2386.41,25,29.73,10.18
H3,T,H,3/28/2022,42,7.508275943,2386.41,25,29.61,10.21
H4,C,H,3/28/2022,42,7.613705825,2386.41,25,29.78,10.05
B1,C,B,3/28/2022,42,7.604004114,2386.41,25,29.01,10.4
B2,C,B,3/28/2022,42,7.590285991,2386.41,25,29.8,10.32
B3,T,B,3/28/2022,42,7.496769514,2386.41,25,29.74,10.33
B4,T,B,3/28/2022,42,7.496685114,2386.41,25,29.78,10.28
B5,T,B,3/28/2022,42,7.480498018,2386.41,25,29.81,10.24
B6,T,B,3/28/2022,42,7.476929665,2386.41,25,29.83,10.22
B7,C,B,3/28/2022,42,7.575206781,2386.41,25,29.8,10.54
B8,C,B,3/28/2022,42,7.597315963,2386.41,25,29.86,10.22
B9,C,B,3/28/2022,42,7.67809214,2386.41,25,29.46,10.51
B10,C,B,3/28/2022,42,7.602548214,2386.41,25,29.7,10.36
B11,T,B,3/28/2022,42,7.460394465,2386.41,25,29.77,10.4
B12,T,B,3/28/2022,42,7.488670733,2386.41,25,29.82,10.43
B13,T,B,3/28/2022,42,7.476165617,2386.41,25,29.79,10.37
B14,T,B,3/28/2022,42,7.509695458,2386.41,25,29.76,10.38
B15,C,B,3/28/2022,42,7.605237415,2386.41,25,29.82,10.4
B16,C,B,3/28/2022,42,7.605364015,2386.41,25,29.76,10.41
H1,C,H,3/29/2022,43,7.659344422,2386.41,25,29.56,10.07
H2,T,H,3/29/2022,43,7.414041648,2386.41,25,29.63,10.2
H3,T,H,3/29/2022,43,7.386629256,2386.41,25,29.62,10.15
H4,C,H,3/29/2022,43,7.669147108,2386.41,25,29.62,10.05
B1,C,B,3/29/2022,43,7.616405588,2386.41,25,29.65,10.39
B2,C,B,3/29/2022,43,7.641640899,2386.41,25,29.64,10.35
B3,T,B,3/29/2022,43,7.425236984,2386.41,25,29.68,10.46
B4,T,B,3/29/2022,43,7.40763178,2386.41,25,29.69,10.44
B5,T,B,3/29/2022,43,7.450650724,2386.41,25,29.68,10.4
B6,T,B,3/29/2022,43,7.427211241,2386.41,25,29.67,10.34
B7,C,B,3/29/2022,43,7.615005429,2386.41,25,29.75,10.59
B8,C,B,3/29/2022,43,7.622465881,2386.41,25,29.68,10.41
B9,C,B,3/29/2022,43,7.641661999,2386.41,25,29.63,10.34
B10,C,B,3/29/2022,43,7.615195329,2386.41,25,29.66,10.36
B11,T,B,3/29/2022,43,7.395662738,2386.41,25,29.63,10.41
B12,T,B,3/29/2022,43,7.431493547,2386.41,25,29.68,10.41
B13,T,B,3/29/2022,43,7.406249206,2386.41,25,29.68,10.34
B14,T,B,3/29/2022,43,7.455752169,2386.41,25,29.67,10.32
B15,C,B,3/29/2022,43,7.640835972,2386.41,25,29.68,10.37
B16,C,B,3/29/2022,43,7.57101965,2386.41,25,29.74,10.49
H1,C,H,3/30/2022,44,7.701819789,2386.41,25,30.06,10.1
H2,T,H,3/30/2022,44,7.347619023,2386.41,25,30.13,10.08
H3,T,H,3/30/2022,44,7.324429877,2386.41,25,30.13,10.01
H4,C,H,3/30/2022,44,7.702107663,2386.41,25,30.1,10.08
B1,C,B,3/30/2022,44,7.684021929,2386.41,25,30.14,10.61
B2,C,B,3/30/2022,44,7.701756489,2386.41,25,30.13,10.53
B3,T,B,3/30/2022,44,7.382770674,2386.41,25,30.17,10.68
B4,T,B,3/30/2022,44,7.335072105,2386.41,25,30.13,10.53
B5,T,B,3/30/2022,44,7.375121908,2386.41,25,30.18,10.7
B6,T,B,3/30/2022,44,7.353075488,2386.41,25,30.14,10.51
B7,C,B,3/30/2022,44,7.675711076,2386.41,25,30.12,10.75
B8,C,B,3/30/2022,44,7.692958274,2386.41,25,30.1,10.57
B9,C,B,3/30/2022,44,7.702230599,2386.41,25,30.16,10.49
B10,C,B,3/30/2022,44,7.657144211,2386.41,25,30.15,10.52
B11,T,B,3/30/2022,44,7.336361404,2386.41,25,30.17,10.53
B12,T,B,3/30/2022,44,7.336403604,2386.41,25,30.15,10.51
B13,T,B,3/30/2022,44,7.359805955,2386.41,25,30.15,10.48
B14,T,B,3/30/2022,44,7.359308573,2386.41,25,30.13,10.47
B15,C,B,3/30/2022,44,7.684409923,2386.41,25,30.11,10.53
B16,C,B,3/30/2022,44,7.701632954,2386.41,25,30.11,10.48
H1,C,H,3/31/2022,45,7.704726981,2386.41,25,30.1,10.01
H2,T,H,3/31/2022,45,7.324197777,2386.41,25,30.24,10.23
H3,T,H,3/31/2022,45,7.315351369,2386.41,25,30.24,10.26
H4,C,H,3/31/2022,45,7.693876369,2386.41,25,30.23,10.2
B1,C,B,3/31/2022,45,7.668488347,2386.41,25,29.69,10.54
B2,C,B,3/31/2022,45,7.643037369,2386.41,25,30.22,10.5
B3,T,B,3/31/2022,45,7.337394639,2386.41,25,30.21,10.69
B4,T,B,3/31/2022,45,7.2913224,2386.41,25,30.17,10.5
B5,T,B,3/31/2022,45,7.347778023,2386.41,25,30.22,10.77
B6,T,B,3/31/2022,45,7.315541269,2386.41,25,30.15,10.55
B7,C,B,3/31/2022,45,7.641173233,2386.41,25,30.19,10.71
B8,C,B,3/31/2022,45,7.651765263,2386.41,25,30.15,10.56
B9,C,B,3/31/2022,45,7.68556725,2386.41,25,30.16,10.38
B10,C,B,3/31/2022,45,7.633536586,2386.41,25,30.21,10.43
B11,T,B,3/31/2022,45,7.308047403,2386.41,25,30.21,10.5
B12,T,B,3/31/2022,45,7.317115261,2386.41,25,30.16,10.47
B13,T,B,3/31/2022,45,7.324303277,2386.41,25,30.19,10.42
B14,T,B,3/31/2022,45,7.339179571,2386.41,25,30.19,10.45
B15,C,B,3/31/2022,45,7.67655184,2386.41,25,30.19,10.46
B16,C,B,3/31/2022,45,7.684858358,2386.41,25,30.19,10.41
H1,C,H,4/1/2022,46,7.719728445,2386.41,25,30.21,10.11
H2,T,H,4/1/2022,46,7.340026372,2386.41,25,30.16,10.01
H3,T,H,4/1/2022,46,7.306085077,2386.41,25,30.21,10.08
H4,C,H,4/1/2022,46,7.685291123,2386.41,25,30.21,10.05
B1,C,B,4/1/2022,46,7.629983912,2386.41,25,30.25,10.6
B2,C,B,4/1/2022,46,7.622385943,2386.41,25,30.23,10.5
B3,T,B,4/1/2022,46,7.339052971,2386.41,25,30.25,10.67
B4,T,B,4/1/2022,46,7.293635331,2386.41,25,30.23,10.52
B5,T,B,4/1/2022,46,7.332557094,2386.41,25,30.26,10.66
B6,T,B,4/1/2022,46,7.315351369,2386.41,25,30.24,10.53
B7,C,B,4/1/2022,46,7.649179088,2386.41,25,30.21,10.77
B8,C,B,4/1/2022,46,7.649751378,2386.41,25,30.19,10.59
B9,C,B,4/1/2022,46,7.659267294,2386.41,25,30.15,10.47
B10,C,B,4/1/2022,46,7.666973134,2386.41,25,30.23,10.43
B11,T,B,4/1/2022,46,7.306106177,2386.41,25,30.2,10.52
B12,T,B,4/1/2022,46,7.303933478,2386.41,25,30.23,10.6
B13,T,B,4/1/2022,46,7.322845774,2386.41,25,30.24,10.54
B14,T,B,4/1/2022,46,7.298576994,2386.41,25,30.22,10.46
B15,C,B,4/1/2022,46,7.648606498,2386.41,25,30.22,10.6
B16,C,B,4/1/2022,46,7.666773365,2386.41,25,30.23,10.55
H1,C,H,4/2/2022,47,7.67640414,2386.41,25,30.23,10.21
H2,T,H,4/2/2022,47,7.339095171,2386.41,25,30.28,10.24
H3,T,H,4/2/2022,47,7.346623381,2386.41,25,30.31,10.33
H4,C,H,4/2/2022,47,7.658595975,2386.41,25,30.26,10
B1,C,B,4/2/2022,47,7.630796974,2386.41,25,30.3,10.62
B2,C,B,4/2/2022,47,7.617745475,2386.41,25,30.25,10.58
B3,T,B,4/2/2022,47,7.313471304,2386.41,25,30.32,10.69
B4,T,B,4/2/2022,47,7.315224769,2386.41,25,30.3,10.59
B5,T,B,4/2/2022,47,7.313471304,2386.41,25,30.32,10.71
B6,T,B,4/2/2022,47,7.322719174,2386.41,25,30.3,10.6
B7,C,B,4/2/2022,47,7.612566425,2386.41,25,30.32,10.84
B8,C,B,4/2/2022,47,7.628030782,2386.41,25,30.25,10.67
B9,C,B,4/2/2022,47,7.648416598,2386.41,25,30.31,10.46
B10,C,B,4/2/2022,47,7.631785373,2386.41,25,30.25,10.45
B11,T,B,4/2/2022,47,7.305852977,2386.41,25,30.32,10.53
B12,T,B,4/2/2022,47,7.305895177,2386.41,25,30.3,10.5
B13,T,B,4/2/2022,47,7.331445629,2386.41,25,30.3,10.54
B14,T,B,4/2/2022,47,7.322698074,2386.41,25,30.31,10.51
B15,C,B,4/2/2022,47,7.604224615,2386.41,25,30.3,10.55
B16,C,B,4/2/2022,47,7.615012988,2386.41,25,30.31,10.48
H1,C,H,4/3/2022,48,7.722139506,2386.41,25,30.24,10.09
H2,T,H,4/3/2022,48,7.307984103,2386.41,25,30.3,10.07
H3,T,H,4/3/2022,48,7.346581181,2386.41,25,30.32,10.35
H4,C,H,4/3/2022,48,7.67627754,2386.41,25,30.29,10.12
B1,C,B,4/3/2022,48,7.660277256,2386.41,25,30.36,10.56
B2,C,B,4/3/2022,48,7.652262278,2386.41,25,30.35,10.58
B3,T,B,4/3/2022,48,7.308638177,2386.41,25,30.34,10.62
B4,T,B,4/3/2022,48,7.308638177,2386.41,25,30.32,10.56
B5,T,B,4/3/2022,48,7.334188629,2386.41,25,30.34,10.62
B6,T,B,4/3/2022,48,7.331906201,2386.41,25,30.33,10.53
B7,C,B,4/3/2022,48,7.670291441,2386.41,25,30.34,10.59
B8,C,B,4/3/2022,48,7.661013279,2386.41,25,30.33,10.62
B9,C,B,4/3/2022,48,7.670291441,2386.41,25,30.27,10.47
B10,C,B,4/3/2022,48,7.688192239,2386.41,25,30.32,10.42
B11,T,B,4/3/2022,48,7.317967769,2386.41,25,30.29,10.54
B12,T,B,4/3/2022,48,7.317967769,2386.41,25,30.32,10.49
B13,T,B,4/3/2022,48,7.31441588,2386.41,25,30.33,10.45
B14,T,B,4/3/2022,48,7.341690471,2386.41,25,30.33,10.45
B15,C,B,4/3/2022,48,7.670121213,2386.41,25,30.32,10.52
B16,C,B,4/3/2022,48,7.688192239,2386.41,25,30.31,10.41
H1,C,H,4/4/2022,49,7.732204108,2386.41,25,30.15,10.25
H2,T,H,4/4/2022,49,7.345313595,2386.41,25,30.34,10.17
H3,T,H,4/4/2022,49,7.313386904,2386.41,25,30.36,10.25
H4,C,H,4/4/2022,49,7.701605074,2386.41,25,30.36,10.17
B1,C,B,4/4/2022,49,7.685169079,2386.41,25,30.19,10.35
B2,C,B,4/4/2022,49,7.67623534,2386.41,25,30.34,10.39
B3,T,B,4/4/2022,49,7.280822531,2386.41,25,30.36,10.41
B4,T,B,4/4/2022,49,7.313429104,2386.41,25,30.34,10.39
B5,T,B,4/4/2022,49,7.2909215,2386.41,25,30.36,10.41
B6,T,B,4/4/2022,49,7.315119269,2386.41,25,30.35,10.32
B7,C,B,4/4/2022,49,7.693279233,2386.41,25,30.36,10.38
B8,C,B,4/4/2022,49,7.685343739,2386.41,25,30.35,10.25
B9,C,B,4/4/2022,49,7.684436952,2386.41,25,30.32,10.29
B10,C,B,4/4/2022,49,7.704199481,2386.41,25,30.35,10.26
B11,T,B,4/4/2022,49,7.280801431,2386.41,25,30.37,10.28
B12,T,B,4/4/2022,49,7.330218585,2386.41,25,30.36,10.32
B13,T,B,4/4/2022,49,7.295933865,2386.41,25,30.35,10.31
B14,T,B,4/4/2022,49,7.315098169,2386.41,25,30.36,10.3
B15,C,B,4/4/2022,49,7.685343739,2386.41,25,30.35,10.3
B16,C,B,4/4/2022,49,7.71318616,2386.41,25,30.35,10.31
H1,C,H,4/5/2022,50,7.71872094,2386.41,25,30.31,9.96
H2,T,H,4/5/2022,50,7.315266969,2386.41,25,30.28,10.27
H3,T,H,4/5/2022,50,7.323965677,2386.41,25,30.35,10.18
H4,C,H,4/5/2022,50,7.72294276,2386.41,25,30.35,10.25
B1,C,B,4/5/2022,50,7.667585708,2386.41,25,30.36,10.4
B2,C,B,4/5/2022,50,7.659082262,2386.41,25,30.39,10.42
B3,T,B,4/5/2022,50,7.283620767,2386.41,25,30.39,10.46
B4,T,B,4/5/2022,50,7.298260494,2386.41,25,30.37,10.35
B5,T,B,4/5/2022,50,7.307882216,2386.41,25,30.4,10.44
B6,T,B,4/5/2022,50,7.319515975,2386.41,25,30.39,10.35
B7,C,B,4/5/2022,50,7.658739794,2386.41,25,30.4,10.42
B8,C,B,4/5/2022,50,7.658427175,2386.41,25,30.39,10.41
B9,C,B,4/5/2022,50,7.658427175,2386.41,25,30.39,10.31
B10,C,B,4/5/2022,50,7.649350478,2386.41,25,30.38,10.3
B11,T,B,4/5/2022,50,7.298197194,2386.41,25,30.4,10.39
B12,T,B,4/5/2022,50,7.285439949,2386.41,25,30.38,10.36
B13,T,B,4/5/2022,50,7.307688703,2386.41,25,30.38,10.35
B14,T,B,4/5/2022,50,7.315393569,2386.41,25,30.22,10.3
B15,C,B,4/5/2022,50,7.650372356,2386.41,25,30.37,10.35
B16,C,B,4/5/2022,50,7.67619314,2386.41,25,30.36,10.31
H1,C,H,4/6/2022,51,7.630775874,2386.41,25,30.31,10.3
H2,T,H,4/6/2022,51,7.331255729,2386.41,25,30.39,10
H3,T,H,4/6/2022,51,7.323860177,2386.41,25,30.4,10.08
H4,C,H,4/6/2022,51,7.641460139,2386.41,25,30.37,10.22
B1,C,B,4/6/2022,51,7.605399758,2386.41,25,30.4,10.47
B2,C,B,4/6/2022,51,7.563481724,2386.41,25,30.4,10.6
B3,T,B,4/6/2022,51,7.305663077,2386.41,25,30.41,10.59
B4,T,B,4/6/2022,51,7.307667603,2386.41,25,30.39,10.45
B5,T,B,4/6/2022,51,7.331192429,2386.41,25,30.42,10.48
B6,T,B,4/6/2022,51,7.298239394,2386.41,25,30.38,10.4
B7,C,B,4/6/2022,51,7.60841817,2386.41,25,30.38,10.54
B8,C,B,4/6/2022,51,7.59421828,2386.41,25,30.39,10.5
B9,C,B,4/6/2022,51,7.611132409,2386.41,25,30.39,10.4
B10,C,B,4/6/2022,51,7.613697229,2386.41,25,30.37,10.36
B11,T,B,4/6/2022,51,7.280801431,2386.41,25,30.37,10.49
B12,T,B,4/6/2022,51,7.273406296,2386.41,25,30.39,10.45
B13,T,B,4/6/2022,51,7.295849465,2386.41,25,30.39,10.37
B14,T,B,4/6/2022,51,7.298197194,2386.41,25,30.4,10.35
B15,C,B,4/6/2022,51,7.602529706,2386.41,25,30.42,10.42
B16,C,B,4/6/2022,51,7.630564874,2386.41,25,30.41,10.35
H1,C,H,4/7/2022,52,7.65002919,2386.41,25,30.3,10
H2,T,H,4/7/2022,52,7.324071177,2386.41,25,30.3,10.32
H3,T,H,4/7/2022,52,7.330281885,2386.41,25,30.33,10.14
H4,C,H,4/7/2022,52,7.657994022,2386.41,25,30.26,10.1
B1,C,B,4/7/2022,52,,2386.41,25,30.34,10.76
B2,C,B,4/7/2022,52,,2386.41,25,30.31,10.71
B3,T,B,4/7/2022,52,,2386.41,25,30.38,10.61
B4,T,B,4/7/2022,52,,2386.41,25,30.41,10.78
B5,T,B,4/7/2022,52,,2386.41,25,30.37,10.56
B6,T,B,4/7/2022,52,,2386.41,25,30.39,10.65
B7,C,B,4/7/2022,52,,2386.41,25,30.36,10.78
B8,C,B,4/7/2022,52,,2386.41,25,30.33,10.72
B9,C,B,4/7/2022,52,,2386.41,25,30.36,10.56
B10,C,B,4/7/2022,52,,2386.41,25,30.35,10.59
B11,T,B,4/7/2022,52,,2386.41,25,30.32,10.62
B12,T,B,4/7/2022,52,,2386.41,25,30.37,10.61
B13,T,B,4/7/2022,52,,2386.41,25,30.38,10.57
B14,T,B,4/7/2022,52,,2386.41,25,30.37,10.54
B15,C,B,4/7/2022,52,,2386.41,25,30.38,10.58
B16,C,B,4/7/2022,52,,2386.41,25,30.36,10.5
H1,C,H,4/8/2022,53,7.735654482,2386.41,25,30.38,10.02
H2,T,H,4/8/2022,53,7.346922723,2386.41,25,30.39,10.3
H3,T,H,4/8/2022,53,7.323881277,2386.41,25,30.39,10.16
H4,C,H,4/8/2022,53,7.740425362,2386.41,25,30.37,10.11
B1,C,B,4/8/2022,53,7.684890223,2386.41,25,30.4,10.57
B2,C,B,4/8/2022,53,7.701040691,2386.41,25,30.41,10.53
B3,T,B,4/8/2022,53,7.331171329,2386.41,25,30.43,10.77
B4,T,B,4/8/2022,53,7.305916277,2386.41,25,30.29,10.47
B5,T,B,4/8/2022,53,7.328888901,2386.41,25,30.43,10.58
B6,T,B,4/8/2022,53,7.330113085,2386.41,25,30.41,10.5
B7,C,B,4/8/2022,53,7.667416908,2386.41,25,30.44,10.71
B8,C,B,4/8/2022,53,7.684704879,2386.41,25,30.41,10.54
B9,C,B,4/8/2022,53,7.709085595,2386.41,25,30.41,10.47
B10,C,B,4/8/2022,53,7.684683779,2386.41,25,30.42,10.48
B11,T,B,4/8/2022,53,7.330155285,2386.41,25,30.39,10.6
B12,T,B,4/8/2022,53,7.315013769,2386.41,25,30.4,10.46
B13,T,B,4/8/2022,53,7.362052341,2386.41,25,30.4,10.44
B14,T,B,4/8/2022,53,7.314950469,2386.41,25,30.43,10.45
B15,C,B,4/8/2022,53,7.70351734,2386.41,25,30.41,10.51
B16,C,B,4/8/2022,53,7.693475469,2386.41,25,30.42,10.46
H1,C,H,4/9/2022,54,7.666783234,2482.10125,25,30.32,10.25
H2,T,H,4/9/2022,54,7.347007123,2482.10125,25,30.35,10.11
H3,T,H,4/9/2022,54,7.348405261,2482.10125,25,30.35,10.11
H4,C,H,4/9/2022,54,7.693094754,2482.10125,25,30.3,10.21
B1,C,B,4/9/2022,54,,2482.10125,25,30.41,10.52
B2,C,B,4/9/2022,54,,2482.10125,25,30.4,10.43
B3,T,B,4/9/2022,54,,2482.10125,25,30.42,10.56
B4,T,B,4/9/2022,54,,2482.10125,25,30.38,10.46
B5,T,B,4/9/2022,54,,2482.10125,25,30.41,10.48
B6,T,B,4/9/2022,54,,2482.10125,25,30.4,10.4
B7,C,B,4/9/2022,54,,2482.10125,25,30.4,10.48
B8,C,B,4/9/2022,54,,2482.10125,25,30.39,10.42
B9,C,B,4/9/2022,54,,2482.10125,25,30.42,10.41
B10,C,B,4/9/2022,54,,2482.10125,25,30.41,10.41
B11,T,B,4/9/2022,54,,2482.10125,25,30.39,10.41
B12,T,B,4/9/2022,54,,2482.10125,25,30.4,10.39
B13,T,B,4/9/2022,54,,2482.10125,25,30.4,10.39
B14,T,B,4/9/2022,54,,2482.10125,25,30.4,10.4
B15,C,B,4/9/2022,54,,2482.10125,25,30.39,10.38
B16,C,B,4/9/2022,54,,2482.10125,25,30.4,10.4
H1,C,H,4/10/2022,55,7.702355455,2482.10125,25,30.23,9.96
H2,T,H,4/10/2022,55,7.331445629,2482.10125,25,30.3,10.25
H3,T,H,4/10/2022,55,7.338107505,2482.10125,25,30.3,9.98
H4,C,H,4/10/2022,55,7.693770869,2482.10125,25,30.28,10.24
B1,C,B,4/10/2022,55,,2482.10125,25,30.29,10.52
B2,C,B,4/10/2022,55,,2482.10125,25,30.33,10.53
B3,T,B,4/10/2022,55,,2482.10125,25,30.33,10.55
B4,T,B,4/10/2022,55,,2482.10125,25,30.29,10.48
B5,T,B,4/10/2022,55,,2482.10125,25,30.34,10.66
B6,T,B,4/10/2022,55,,2482.10125,25,30.29,10.49
B7,C,B,4/10/2022,55,,2482.10125,25,30.31,10.58
B8,C,B,4/10/2022,55,,2482.10125,25,30.32,10.51
B9,C,B,4/10/2022,55,,2482.10125,25,30.32,10.39
B10,C,B,4/10/2022,55,,2482.10125,25,30.33,10.39
B11,T,B,4/10/2022,55,,2482.10125,25,30.25,10.57
B12,T,B,4/10/2022,55,,2482.10125,25,30.3,10.4
B13,T,B,4/10/2022,55,,2482.10125,25,30.31,10.36
B14,T,B,4/10/2022,55,,2482.10125,25,30.33,10.36
B15,C,B,4/10/2022,55,,2482.10125,25,30.32,10.4
B16,C,B,4/10/2022,55,,2482.10125,25,30.34,10.36
H1,C,H,4/11/2022,56,7.711255065,2482.10125,25,30.27,10.02
H2,T,H,4/11/2022,56,7.332514894,2482.10125,25,30.28,9.96
H3,T,H,4/11/2022,56,7.346517881,2482.10125,25,30.33,10.21
H4,C,H,4/11/2022,56,7.71069155,2482.10125,25,30.23,10.19
B1,C,B,4/11/2022,56,7.67631974,2482.10125,25,30.3,10.51
B2,C,B,4/11/2022,56,7.667180147,2482.10125,25,30.31,10.56
B3,T,B,4/11/2022,56,7.307836403,2482.10125,25,30.31,10.51
B4,T,B,4/11/2022,56,7.313534604,2482.10125,25,30.29,10.45
B5,T,B,4/11/2022,56,7.315182569,2482.10125,25,30.32,10.51
B6,T,B,4/11/2022,56,7.305916277,2482.10125,25,30.29,10.44
B7,C,B,4/11/2022,56,7.685470339,2482.10125,25,30.29,10.47
B8,C,B,4/11/2022,56,7.658638175,2482.10125,25,30.29,10.58
B9,C,B,4/11/2022,56,7.650498956,2482.10125,25,30.31,10.46
B10,C,B,4/11/2022,56,7.638798953,2482.10125,25,30.29,10.39
B11,T,B,4/11/2022,56,7.307857503,2482.10125,25,30.3,10.5
B12,T,B,4/11/2022,56,7.305916277,2482.10125,25,30.29,10.41
B13,T,B,4/11/2022,56,7.322719174,2482.10125,25,30.3,10.42
B14,T,B,4/11/2022,56,7.305852977,2482.10125,25,30.32,10.43
B15,C,B,4/11/2022,56,7.658950794,2482.10125,25,30.3,10.44
B16,C,B,4/11/2022,56,7.67627754,2482.10125,25,30.32,10.42
H1,C,H,4/12/2022,57,7.718776185,2482.10125,25,29.92,10.04
H2,T,H,4/12/2022,57,7.355402616,2482.10125,25,29.93,10.19
H3,T,H,4/12/2022,57,7.320507675,2482.10125,25,29.92,10.07
H4,C,H,4/12/2022,57,7.735587732,2482.10125,25,29.9,10.12
B1,C,B,4/12/2022,57,,2482.10125,25,29.94,10.4
B2,C,B,4/12/2022,57,,2482.10125,25,29.94,10.37
B3,T,B,4/12/2022,57,,2482.10125,25,29.92,10.41
B4,T,B,4/12/2022,57,,2482.10125,25,29.92,10.35
B5,T,B,4/12/2022,57,,2482.10125,25,29.96,10.47
B6,T,B,4/12/2022,57,,2482.10125,25,29.95,10.34
B7,C,B,4/12/2022,57,,2482.10125,25,29.96,10.5
B8,C,B,4/12/2022,57,,2482.10125,25,29.97,10.45
B9,C,B,4/12/2022,57,,2482.10125,25,29.93,10.3
B10,C,B,4/12/2022,57,,2482.10125,25,29.94,10.31
B11,T,B,4/12/2022,57,,2482.10125,25,29.93,10.35
B12,T,B,4/12/2022,57,,2482.10125,25,29.94,10.36
B13,T,B,4/12/2022,57,,2482.10125,25,29.94,10.32
B14,T,B,4/12/2022,57,,2482.10125,25,29.95,10.29
B15,C,B,4/12/2022,57,,2482.10125,25,29.97,10.27
B16,C,B,4/12/2022,57,,2482.10125,25,29.95,10.31
H1,C,H,4/13/2022,58,7.702870821,2482.10125,25,30.22,10.26
H2,T,H,4/13/2022,58,7.347281423,2482.10125,25,30.22,10
H3,T,H,4/13/2022,58,7.331635529,2482.10125,25,30.21,10.1
H4,C,H,4/13/2022,58,7.693595733,2482.10125,25,30.21,10.21
B1,C,B,4/13/2022,58,7.649561478,2482.10125,25,30.28,10.4
B2,C,B,4/13/2022,58,7.667080435,2482.10125,25,30.27,10.37
B3,T,B,4/13/2022,58,7.298471494,2482.10125,25,30.27,10.44
B4,T,B,4/13/2022,58,7.307920803,2482.10125,25,30.27,10.36
B5,T,B,4/13/2022,58,7.307899703,2482.10125,25,30.28,10.42
B6,T,B,4/13/2022,58,7.331508929,2482.10125,25,30.27,10.36
B7,C,B,4/13/2022,58,7.641650039,2482.10125,25,30.28,10.45
B8,C,B,4/13/2022,58,7.657618656,2482.10125,25,30.26,10.4
B9,C,B,4/13/2022,58,7.649094688,2482.10125,25,30.25,10.33
B10,C,B,4/13/2022,58,7.647926785,2482.10125,25,30.27,10.33
B11,T,B,4/13/2022,58,7.330408485,2482.10125,25,30.27,10.35
B12,T,B,4/13/2022,58,7.307878603,2482.10125,25,30.29,10.37
B13,T,B,4/13/2022,58,7.331508929,2482.10125,25,30.27,10.32
B14,T,B,4/13/2022,58,7.330408485,2482.10125,25,30.27,10.31
B15,C,B,4/13/2022,58,7.67640414,2482.10125,25,30.26,10.34
B16,C,B,4/13/2022,58,7.684979179,2482.10125,25,30.28,10.33
H1,C,H,4/14/2022,59,7.702765321,2482.10125,25,30.27,10.9
H2,T,H,4/14/2022,59,7.324092277,2482.10125,25,30.29,10.7
H3,T,H,4/14/2022,59,7.331424529,2482.10125,25,30.31,10.7
H4,C,H,4/14/2022,59,7.701752774,2482.10125,25,30.29,10.8
B1,C,B,4/14/2022,59,7.657867422,2482.10125,25,30.32,10.9
B2,C,B,4/14/2022,59,7.667912365,2482.10125,25,30.28,10.9
B3,T,B,4/14/2022,59,7.305895177,2482.10125,25,30.3,10.85
B4,T,B,4/14/2022,59,7.307857503,2482.10125,25,30.3,10.77
B5,T,B,4/14/2022,59,7.307857503,2482.10125,25,30.3,10.81
B6,T,B,4/14/2022,59,7.321267863,2482.10125,25,30.3,10.77
B7,C,B,4/14/2022,59,7.658595975,2482.10125,25,30.31,10.9
B8,C,B,4/14/2022,59,7.641607839,2482.10125,25,30.3,10.9
B9,C,B,4/14/2022,59,7.685080123,2482.10125,25,30.31,10.8
B10,C,B,4/14/2022,59,7.67629864,2482.10125,25,30.31,10.8
B11,T,B,4/14/2022,59,7.362305541,2482.10125,25,30.28,10.75
B12,T,B,4/14/2022,59,7.313555704,2482.10125,25,30.28,10.8
B13,T,B,4/14/2022,59,7.354621916,2482.10125,25,30.3,10.8
B14,T,B,4/14/2022,59,7.307857503,2482.10125,25,30.3,10.8
B15,C,B,4/14/2022,59,7.666996035,2482.10125,25,30.31,10.8
B16,C,B,4/14/2022,59,7.649498178,2482.10125,25,30.31,10.8
H1,C,H,4/15/2022,60,7.71029065,2482.10125,25,30.42,10.94
H2,T,H,4/15/2022,60,7.338694271,2482.10125,25,30.42,11.02
H3,T,H,4/15/2022,60,7.307583203,2482.10125,25,30.43,11.07
H4,C,H,4/15/2022,60,7.701954555,2482.10125,25,30.42,11.01
B1,C,B,4/15/2022,60,7.641544539,2482.10125,25,30.33,11.2
B2,C,B,4/15/2022,60,7.648759678,2482.10125,25,30.66,11.2
B3,T,B,4/15/2022,60,7.325143834,2482.10125,25,30.39,11.2
B4,T,B,4/15/2022,60,7.315077069,2482.10125,25,30.37,11.2
B5,T,B,4/15/2022,60,7.322571474,2482.10125,25,30.37,11.2
B6,T,B,4/15/2022,60,7.307709803,2482.10125,25,30.37,11.2
B7,C,B,4/15/2022,60,7.667230513,2482.10125,25,30.37,11.2
B8,C,B,4/15/2022,60,7.684932423,2482.10125,25,30.38,11.2
B9,C,B,4/15/2022,60,7.667522408,2482.10125,25,30.39,11.09
B10,C,B,4/15/2022,60,7.67612984,2482.10125,25,30.39,11.13
B11,T,B,4/15/2022,60,7.322550374,2482.10125,25,30.38,11.2
B12,T,B,4/15/2022,60,7.298239394,2482.10125,25,30.38,11.2
B13,T,B,4/15/2022,60,7.331255729,2482.10125,25,30.39,11.2
B14,T,B,4/15/2022,60,7.305726377,2482.10125,25,30.38,11.2
B15,C,B,4/15/2022,60,7.643296389,2482.10125,25,30.38,11.1
B16,C,B,4/15/2022,60,7.667209413,2482.10125,25,30.38,11.1
H1,C,H,4/16/2022,61,7.67600324,2482.10125,25,30.45,11.6
H2,T,H,4/16/2022,61,7.346327981,2482.10125,25,30.42,11.4
H3,T,H,4/16/2022,61,7.333138084,2482.10125,25,30.44,11.4
H4,C,H,4/16/2022,61,7.67602434,2482.10125,25,30.44,11.4
B1,C,B,4/16/2022,61,7.601557121,2482.10125,25,30.41,11.6
B2,C,B,4/16/2022,61,7.648757088,2482.10125,25,30.41,11.6
B3,T,B,4/16/2022,61,7.322487074,2482.10125,25,30.41,11.6
B4,T,B,4/16/2022,61,7.300381034,2482.10125,25,30.41,11.6
B5,T,B,4/16/2022,61,7.298176094,2482.10125,25,30.41,11.6
B6,T,B,4/16/2022,61,7.323860177,2482.10125,25,30.4,11.5
B7,C,B,4/16/2022,61,7.630522674,2482.10125,25,30.43,11.6
B8,C,B,4/16/2022,61,7.597835541,2482.10125,25,30.42,11.6
B9,C,B,4/16/2022,61,7.648735988,2482.10125,25,30.42,11.5
B10,C,B,4/16/2022,61,7.606670194,2482.10125,25,30.43,11.5
B11,T,B,4/16/2022,61,7.300381034,2482.10125,25,30.41,11.6
B12,T,B,4/16/2022,61,7.290816,2482.10125,25,30.41,11.6
B13,T,B,4/16/2022,61,7.300381034,2482.10125,25,30.41,11.5
B14,T,B,4/16/2022,61,7.313281404,2482.10125,25,30.41,11.5
B15,C,B,4/16/2022,61,7.590908398,2482.10125,25,30.44,11.6
B16,C,B,4/16/2022,61,7.633093486,2482.10125,25,30.42,11.6
H1,C,H,4/17/2022,62,7.68565718,2482.10125,25,30.38,12.3
H2,T,H,4/17/2022,62,7.376615174,2482.10125,25,30.45,11.9
H3,T,H,4/17/2022,62,7.354557976,2482.10125,25,30.45,11.9
H4,C,H,4/17/2022,62,7.684309758,2482.10125,25,30.45,12.1
B1,C,B,4/17/2022,62,7.639868499,2482.10125,25,30.48,12
B2,C,B,4/17/2022,62,7.64964939,2482.10125,25,30.48,12
B3,T,B,4/17/2022,62,7.324996134,2482.10125,25,30.46,12.1
B4,T,B,4/17/2022,62,7.338588771,2482.10125,25,30.47,12.1
B5,T,B,4/17/2022,62,7.314844969,2482.10125,25,30.48,12.1
B6,T,B,4/17/2022,62,7.295680665,2482.10125,25,30.47,12
B7,C,B,4/17/2022,62,7.657869379,2482.10125,25,30.49,12.1
B8,C,B,4/17/2022,62,7.639868499,2482.10125,25,30.48,12.1
B9,C,B,4/17/2022,62,7.659265352,2482.10125,25,30.45,12
B10,C,B,4/17/2022,62,7.629519712,2482.10125,25,30.47,12
B11,T,B,4/17/2022,62,7.295743965,2482.10125,25,30.44,12.1
B12,T,B,4/17/2022,62,7.320866963,2482.10125,25,30.49,12
B13,T,B,4/17/2022,62,7.339372272,2482.10125,25,30.47,12
B14,T,B,4/17/2022,62,7.354263216,2482.10125,25,30.47,12
B15,C,B,4/17/2022,62,7.631363373,2482.10125,25,30.45,12.2
B16,C,B,4/17/2022,62,7.684578279,2482.10125,25,30.47,12.1
H1,C,H,4/18/2022,63,7.725605247,2482.10125,25,30.45,12.7
H2,T,H,4/18/2022,63,7.338630971,2482.10125,25,30.44,12.3
H3,T,H,4/18/2022,63,7.354579076,2482.10125,25,30.46,12.5
H4,C,H,4/18/2022,63,7.71840444,2482.10125,25,30.44,12.6
B1,C,B,4/18/2022,63,7.658237275,2482.10125,25,30.48,12.5
B2,C,B,4/18/2022,63,7.667189741,2482.10125,25,30.47,12.5
B3,T,B,4/18/2022,63,7.323670277,2482.10125,25,30.49,12.6
B4,T,B,4/18/2022,63,7.314823869,2482.10125,25,30.49,12.6
B5,T,B,4/18/2022,63,7.302269752,2482.10125,25,30.49,12.6
B6,T,B,4/18/2022,63,7.307456603,2482.10125,25,30.49,12.5
B7,C,B,4/18/2022,63,7.648078998,2482.10125,25,30.47,12.5
B8,C,B,4/18/2022,63,7.67598214,2482.10125,25,30.46,12.5
B9,C,B,4/18/2022,63,7.67596104,2482.10125,25,30.47,12.5
B10,C,B,4/18/2022,63,7.666637335,2482.10125,25,30.48,12.5
B11,T,B,4/18/2022,63,7.322318274,2482.10125,25,30.49,12.6
B12,T,B,4/18/2022,63,7.322339374,2482.10125,25,30.48,12.6
B13,T,B,4/18/2022,63,7.353702497,2482.10125,25,30.47,12.5
B14,T,B,4/18/2022,63,7.316418961,2482.10125,25,30.49,12.5
B15,C,B,4/18/2022,63,7.693306669,2482.10125,25,30.5,12.5
B16,C,B,4/18/2022,63,7.701806855,2482.10125,25,30.49,12.5
H1,C,H,4/19/2022,64,7.732276193,2482.10125,25,30.5,12.9
H2,T,H,4/19/2022,64,7.368863371,2482.10125,25,30.51,12.9
H3,T,H,4/19/2022,64,7.368863371,2482.10125,25,30.51,12.9
H4,C,H,4/19/2022,64,7.71827784,2482.10125,25,30.52,13
B1,C,B,4/19/2022,64,7.684700323,2482.10125,25,30.49,12.9
B2,C,B,4/19/2022,64,7.693306669,2482.10125,25,30.5,12.9
B3,T,B,4/19/2022,64,7.361841341,2482.10125,25,30.5,12.9
B4,T,B,4/19/2022,64,7.346669523,2482.10125,25,30.51,12.9
B5,T,B,4/19/2022,64,7.345610197,2482.10125,25,30.49,12.9
B6,T,B,4/19/2022,64,7.322297174,2482.10125,25,30.5,12.9
B7,C,B,4/19/2022,64,7.71014295,2482.10125,25,30.49,12.9
B8,C,B,4/19/2022,64,7.702793533,2482.10125,25,30.5,12.9
B9,C,B,4/19/2022,64,7.71007965,2482.10125,25,30.52,12.8
B10,C,B,4/19/2022,64,7.707733298,2482.10125,25,30.51,12.8
B11,T,B,4/19/2022,64,7.354178816,2482.10125,25,30.51,12.9
B12,T,B,4/19/2022,64,7.354178816,2482.10125,25,30.51,12.9
B13,T,B,4/19/2022,64,7.354709974,2482.10125,25,30.49,12.9
B14,T,B,4/19/2022,64,7.346669523,2482.10125,25,30.51,12.9
B15,C,B,4/19/2022,64,7.701351874,2482.10125,25,30.48,12.9
B16,C,B,4/19/2022,64,7.710748665,2482.10125,25,30.51,12.9
H1,C,H,4/20/2022,65,7.701014274,2482.10125,25,30.64,12.9
H2,T,H,4/20/2022,65,7.361883541,2482.10125,25,30.48,13.4
H3,T,H,4/20/2022,65,7.396219111,2482.10125,25,30.41,10.9
H4,C,H,4/20/2022,65,7.67608764,2482.10125,25,30.41,10.8
B1,C,B,4/20/2022,65,,2482.10125,25,30.54,13.3
B2,C,B,4/20/2022,65,,2482.10125,25,30.53,13.3
B3,T,B,4/20/2022,65,,2482.10125,25,30.53,13.5
B4,T,B,4/20/2022,65,,2482.10125,25,30.52,13.5
B5,T,B,4/20/2022,65,,2482.10125,25,30.51,13.3
B6,T,B,4/20/2022,65,,2482.10125,25,30.51,13.3
B7,C,B,4/20/2022,65,,2482.10125,25,30.51,13.4
B8,C,B,4/20/2022,65,,2482.10125,25,30.5,13.4
B9,C,B,4/20/2022,65,,2482.10125,25,30.45,13.3
B10,C,B,4/20/2022,65,,2482.10125,25,30.51,13.3
B11,T,B,4/20/2022,65,,2482.10125,25,30.5,13.4
B12,T,B,4/20/2022,65,,2482.10125,25,30.49,13.3
B13,T,B,4/20/2022,65,,2482.10125,25,30.52,13.2
B14,T,B,4/20/2022,65,,2482.10125,25,30.5,13.3
B15,C,B,4/20/2022,65,,2482.10125,25,30.5,13.4
B16,C,B,4/20/2022,65,,2482.10125,25,30.51,13.4
H1,C,H,4/21/2022,66,,2482.10125,25,30.48,14
H2,T,H,4/21/2022,66,,2482.10125,25,30.52,14.1
H3,T,H,4/21/2022,66,,2482.10125,25,30.53,14.2
H4,C,H,4/21/2022,66,,2482.10125,25,30.52,14.1
B1,C,B,4/21/2022,66,,2482.10125,25,30.52,13.9
B2,C,B,4/21/2022,66,,2482.10125,25,30.53,13.9
B3,T,B,4/21/2022,66,,2482.10125,25,30.52,13.9
B4,T,B,4/21/2022,66,,2482.10125,25,30.53,13.9
B5,T,B,4/21/2022,66,,2482.10125,25,30.51,13.9
B6,T,B,4/21/2022,66,,2482.10125,25,30.52,13.9
B7,C,B,4/21/2022,66,,2482.10125,25,30.52,13.9
B8,C,B,4/21/2022,66,,2482.10125,25,30.52,13.9
B9,C,B,4/21/2022,66,,2482.10125,25,30.56,13.8
B10,C,B,4/21/2022,66,,2482.10125,25,30.54,13.8
B11,T,B,4/21/2022,66,,2482.10125,25,30.51,13.9
B12,T,B,4/21/2022,66,,2482.10125,25,30.53,13.9
B13,T,B,4/21/2022,66,,2482.10125,25,30.52,13.9
B14,T,B,4/21/2022,66,,2482.10125,25,30.53,13.9
B15,C,B,4/21/2022,66,,2482.10125,25,30.54,13.9
B16,C,B,4/21/2022,66,,2482.10125,25,30.53,13.9
H1,C,H,4/22/2022,67,7.755456087,2462.894375,25,30.53,14.6
H2,T,H,4/22/2022,67,7.369155781,2462.894375,25,30.48,14.4
H3,T,H,4/22/2022,67,7.398258018,2462.894375,25,30.5,14.5
H4,C,H,4/22/2022,67,7.744587477,2462.894375,25,30.51,14.4
B1,C,B,4/22/2022,67,7.666737047,2462.894375,25,30.52,14.4
B2,C,B,4/22/2022,67,7.667248108,2462.894375,25,30.52,14.4
B3,T,B,4/22/2022,67,7.354157716,2462.894375,25,30.52,14.4
B4,T,B,4/22/2022,67,7.339287872,2462.894375,25,30.51,14.4
B5,T,B,4/22/2022,67,7.332050694,2462.894375,25,30.5,14.4
B6,T,B,4/22/2022,67,7.2906261,2462.894375,25,30.5,14.4
B7,C,B,4/22/2022,67,7.67585554,2462.894375,25,30.52,14.4
B8,C,B,4/22/2022,67,7.650076956,2462.894375,25,30.51,14.4
B9,C,B,4/22/2022,67,7.648482788,2462.894375,25,30.54,14.3
B10,C,B,4/22/2022,67,7.67585554,2462.894375,25,30.52,14.4
B11,T,B,4/22/2022,67,7.330981429,2462.894375,25,30.52,14.4
B12,T,B,4/22/2022,67,7.300170034,2462.894375,25,30.51,14.4
B13,T,B,4/22/2022,67,7.361820241,2462.894375,25,30.51,14.4
B14,T,B,4/22/2022,67,7.307414403,2462.894375,25,30.51,14.4
B15,C,B,4/22/2022,67,7.657091156,2462.894375,25,30.51,14.4
B16,C,B,4/22/2022,67,7.67587664,2462.894375,25,30.51,14.4
H1,C,H,4/23/2022,68,,2462.894375,25,30.46,15
H2,T,H,4/23/2022,68,,2462.894375,25,30.51,15.2
H3,T,H,4/23/2022,68,,2462.894375,25,30.5,15.13
H4,C,H,4/23/2022,68,,2462.894375,25,30.49,14.81
B1,C,B,4/23/2022,68,,2462.894375,25,30.58,14.72
B2,C,B,4/23/2022,68,,2462.894375,25,30.52,14.31
B3,T,B,4/23/2022,68,,2462.894375,25,30.55,14.53
B4,T,B,4/23/2022,68,,2462.894375,25,30.57,14.75
B5,T,B,4/23/2022,68,,2462.894375,25,30.53,14.81
B6,T,B,4/23/2022,68,,2462.894375,25,30.53,14.82
B7,C,B,4/23/2022,68,,2462.894375,25,30.52,14.8
B8,C,B,4/23/2022,68,,2462.894375,25,30.53,14.78
B9,C,B,4/23/2022,68,,2462.894375,25,30.55,14.76
B10,C,B,4/23/2022,68,,2462.894375,25,30.55,14.82
B11,T,B,4/23/2022,68,,2462.894375,25,30.53,14.79
B12,T,B,4/23/2022,68,,2462.894375,25,30.54,14.86
B13,T,B,4/23/2022,68,,2462.894375,25,30.53,14.83
B14,T,B,4/23/2022,68,,2462.894375,25,30.53,14.75
B15,C,B,4/23/2022,68,,2462.894375,25,30.55,14.79
B16,C,B,4/23/2022,68,,2462.894375,25,30.52,14.84
H1,C,H,4/24/2022,69,7.788478906,2462.894375,25,30.54,15.55
H2,T,H,4/24/2022,69,7.383907312,2462.894375,25,30.56,15.55
H3,T,H,4/24/2022,69,7.398131418,2462.894375,25,30.56,15.37
H4,C,H,4/24/2022,69,7.777452522,2462.894375,25,30.55,15.49
B1,C,B,4/24/2022,69,7.693074569,2462.894375,25,30.61,15
B2,C,B,4/24/2022,69,7.67589774,2462.894375,25,30.5,14.57
B3,T,B,4/24/2022,69,7.297775194,2462.894375,25,30.6,14.91
B4,T,B,4/24/2022,69,7.305241077,2462.894375,25,30.61,15.04
B5,T,B,4/24/2022,69,7.320740363,2462.894375,25,30.55,15.04
B6,T,B,4/24/2022,69,7.320634863,2462.894375,25,30.6,14.98
B7,C,B,4/24/2022,69,7.70991085,2462.894375,25,30.6,15.05
B8,C,B,4/24/2022,69,7.728111578,2462.894375,25,30.59,15.13
B9,C,B,4/24/2022,69,7.743222032,2462.894375,25,30.56,14.89
B10,C,B,4/24/2022,69,7.695038568,2462.894375,25,30.54,14.68
B11,T,B,4/24/2022,69,7.314549569,2462.894375,25,30.62,15.08
B12,T,B,4/24/2022,69,7.338335571,2462.894375,25,30.59,15.12
B13,T,B,4/24/2022,69,7.376838454,2462.894375,25,30.58,15.09
B14,T,B,4/24/2022,69,7.314655069,2462.894375,25,30.57,15.02
B15,C,B,4/24/2022,69,7.728111578,2462.894375,25,30.59,15.08
B16,C,B,4/24/2022,69,7.73751607,2462.894375,25,30.58,15.08
H1,C,H,4/25/2022,70,7.838413325,2462.894375,25,30.46,16
H2,T,H,4/25/2022,70,7.425438841,2462.894375,25,30.51,16.1
H3,T,H,4/25/2022,70,7.404497906,2462.894375,25,30.51,16.1
H4,C,H,4/25/2022,70,7.838286725,2462.894375,25,30.52,16
B1,C,B,4/25/2022,70,7.719032145,2462.894375,25,30.54,15.9
B2,C,B,4/25/2022,70,7.699526294,2462.894375,25,30.52,15.9
B3,T,B,4/25/2022,70,7.347102823,2462.894375,25,30.54,15.9
B4,T,B,4/25/2022,70,7.316313461,2462.894375,25,30.54,15.9
B5,T,B,4/25/2022,70,7.337622205,2462.894375,25,30.53,15.9
B6,T,B,4/25/2022,70,7.332948184,2462.894375,25,30.53,15.9
B7,C,B,4/25/2022,70,7.719053245,2462.894375,25,30.53,15.9
B8,C,B,4/25/2022,70,7.751108535,2462.894375,25,30.53,16
B9,C,B,4/25/2022,70,7.775672254,2462.894375,25,30.52,15.8
B10,C,B,4/25/2022,70,7.789245235,2462.894375,25,30.54,15.8
B11,T,B,4/25/2022,70,7.322212774,2462.894375,25,30.54,15.8
B12,T,B,4/25/2022,70,7.339203472,2462.894375,25,30.55,15.9
B13,T,B,4/25/2022,70,7.384709156,2462.894375,25,30.54,15.9
B14,T,B,4/25/2022,70,7.440874278,2462.894375,25,30.54,15.9
B15,C,B,4/25/2022,70,7.67583444,2462.894375,25,30.53,15.8
B16,C,B,4/25/2022,70,7.766356607,2462.894375,25,30.55,15.9
H1,C,H,4/26/2022,71,7.789245235,2462.894375,25,30.54,16.3
H2,T,H,4/26/2022,71,7.423443484,2462.894375,25,30.53,16.3
H3,T,H,4/26/2022,71,7.404476806,2462.894375,25,30.52,16.5
H4,C,H,4/26/2022,71,7.790451212,2462.894375,25,30.56,16.2
B1,C,B,4/26/2022,71,7.635098232,2462.894375,25,30.55,16.3
B2,C,B,4/26/2022,71,7.659033252,2462.894375,25,30.56,16.2
B3,T,B,4/26/2022,71,7.295237746,2462.894375,25,30.55,16.3
B4,T,B,4/26/2022,71,7.297922894,2462.894375,25,30.53,16.3
B5,T,B,4/26/2022,71,7.307351103,2462.894375,25,30.54,16.3
B6,T,B,4/26/2022,71,7.337601105,2462.894375,25,30.54,16.3
B7,C,B,4/26/2022,71,7.701659155,2462.894375,25,30.56,16.2
B8,C,B,4/26/2022,71,7.683909452,2462.894375,25,30.57,16.2
B9,C,B,4/26/2022,71,7.630290574,2462.894375,25,30.54,16.2
B10,C,B,4/26/2022,71,7.68468105,2462.894375,25,30.58,16.3
B11,T,B,4/26/2022,71,7.323459277,2462.894375,25,30.59,16.2
B12,T,B,4/26/2022,71,7.330897029,2462.894375,25,30.56,16.3
B13,T,B,4/26/2022,71,7.322212774,2462.894375,25,30.54,16.3
B14,T,B,4/26/2022,71,7.322191674,2462.894375,25,30.55,16.3
B15,C,B,4/26/2022,71,7.718989945,2462.894375,25,30.56,16.3
B16,C,B,4/26/2022,71,7.692288402,2462.894375,25,30.54,16.3
H1,C,H,4/27/2022,72,7.748275359,2462.894375,25,30.62,17
H2,T,H,4/27/2022,72,7.404202506,2462.894375,25,30.65,16.9
H3,T,H,4/27/2022,72,7.402927732,2462.894375,25,30.63,17.1
H4,C,H,4/27/2022,72,7.745663393,2462.894375,25,30.62,16.9
B1,C,B,4/27/2022,72,7.619336696,2462.894375,25,30.63,16.7
B2,C,B,4/27/2022,72,7.634112713,2462.894375,25,30.67,16.7
B3,T,B,4/27/2022,72,7.353925616,2462.894375,25,30.63,16.8
B4,T,B,4/27/2022,72,7.308991335,2462.894375,25,30.63,16.8
B5,T,B,4/27/2022,72,7.330728229,2462.894375,25,30.64,16.8
B6,T,B,4/27/2022,72,7.332800484,2462.894375,25,30.6,16.7
B7,C,B,4/27/2022,72,7.657552879,2462.894375,25,30.64,16.6
B8,C,B,4/27/2022,72,7.666725541,2462.894375,25,30.69,16.5
B9,C,B,4/27/2022,72,7.64933289,2462.894375,25,30.63,16.8
B10,C,B,4/27/2022,72,7.67560234,2462.894375,25,30.64,16.8
B11,T,B,4/27/2022,72,7.308906935,2462.894375,25,30.67,16.6
B12,T,B,4/27/2022,72,7.346870723,2462.894375,25,30.65,16.8
B13,T,B,4/27/2022,72,7.307182303,2462.894375,25,30.62,16.8
B14,T,B,4/27/2022,72,7.308991335,2462.894375,25,30.63,16.8
B15,C,B,4/27/2022,72,7.719648158,2462.894375,25,30.64,16.8
B16,C,B,4/27/2022,72,7.667194965,2462.894375,25,30.62,16.8
H1,C,H,4/28/2022,73,7.773789138,2452.468333,25,30.57,17.4
H2,T,H,4/28/2022,73,7.388635336,2452.468333,25,30.66,17.6
H3,T,H,4/28/2022,73,7.397962618,2452.468333,25,30.64,17.6
H4,C,H,4/28/2022,73,7.752271749,2452.468333,25,30.64,17.6
B1,C,B,4/28/2022,73,7.642747789,2452.468333,25,30.64,17.2
B2,C,B,4/28/2022,73,7.667131665,2452.468333,25,30.65,17.3
B3,T,B,4/28/2022,73,7.331755294,2452.468333,25,30.64,17.3
B4,T,B,4/28/2022,73,7.361524841,2452.468333,25,30.65,17.3
B5,T,B,4/28/2022,73,7.354657415,2452.468333,25,30.62,17.3
B6,T,B,4/28/2022,73,7.338230071,2452.468333,25,30.64,17.3
B7,C,B,4/28/2022,73,7.648377288,2452.468333,25,30.59,17.1
B8,C,B,4/28/2022,73,7.684082466,2452.468333,25,30.63,17.2
B9,C,B,4/28/2022,73,7.698299137,2452.468333,25,30.73,17.1
B10,C,B,4/28/2022,73,7.706917464,2452.468333,25,30.64,17.2
B11,T,B,4/28/2022,73,7.34039032,2452.468333,25,30.66,17.2
B12,T,B,4/28/2022,73,7.322001774,2452.468333,25,30.64,17.3
B13,T,B,4/28/2022,73,7.330749329,2452.468333,25,30.63,17.3
B14,T,B,4/28/2022,73,7.339746116,2452.468333,25,30.64,17.3
B15,C,B,4/28/2022,73,7.70986865,2452.468333,25,30.62,17.3
B16,C,B,4/28/2022,73,7.667194965,2452.468333,25,30.62,17.2
H1,C,H,4/29/2022,74,7.79460026,2452.468333,25,30.61,17.9
H2,T,H,4/29/2022,74,7.411868348,2452.468333,25,30.59,17.8
H3,T,H,4/29/2022,74,7.403012132,2452.468333,25,30.59,18
H4,C,H,4/29/2022,74,7.767947261,2452.468333,25,30.58,18
B1,C,B,4/29/2022,74,7.629203212,2452.468333,25,30.62,17.7
B2,C,B,4/29/2022,74,7.64931179,2452.468333,25,30.64,17.7
B3,T,B,4/29/2022,74,7.309012435,2452.468333,25,30.62,17.8
B4,T,B,4/29/2022,74,7.347377999,2452.468333,25,30.63,17.8
B5,T,B,4/29/2022,74,7.295111146,2452.468333,25,30.61,17.9
B6,T,B,4/29/2022,74,7.309033535,2452.468333,25,30.61,17.8
B7,C,B,4/29/2022,74,7.623622909,2452.468333,25,30.61,17.6
B8,C,B,4/29/2022,74,7.632565986,2452.468333,25,30.67,17.6
B9,C,B,4/29/2022,74,7.684303979,2452.468333,25,30.6,17.8
B10,C,B,4/29/2022,74,7.631790648,2452.468333,25,30.65,17.7
B11,T,B,4/29/2022,74,7.307119003,2452.468333,25,30.65,17.7
B12,T,B,4/29/2022,74,7.285738655,2452.468333,25,30.65,17.8
B13,T,B,4/29/2022,74,7.303110578,2452.468333,25,30.62,17.8
B14,T,B,4/29/2022,74,7.272899896,2452.468333,25,30.63,17.8
B15,C,B,4/29/2022,74,7.631853948,2452.468333,25,30.62,17.7
B16,C,B,4/29/2022,74,7.579347958,2452.468333,25,30.61,17.7
H1,C,H,4/30/2022,75,7.750981935,2452.468333,25,30.59,17.9
H2,T,H,4/30/2022,75,7.423190284,2452.468333,25,30.65,17.8
H3,T,H,4/30/2022,75,7.407370167,2452.468333,25,30.63,18
H4,C,H,4/30/2022,75,7.731010884,2452.468333,25,30.64,17.9
B1,C,B,4/30/2022,75,,2452.468333,25,30.63,17.4
B2,C,B,4/30/2022,75,,2452.468333,25,30.64,17.3
B3,T,B,4/30/2022,75,,2452.468333,25,30.65,17.8
B4,T,B,4/30/2022,75,,2452.468333,25,30.66,17.8
B5,T,B,4/30/2022,75,,2452.468333,25,30.62,17.6
B6,T,B,4/30/2022,75,,2452.468333,25,30.66,17.5
B7,C,B,4/30/2022,75,,2452.468333,25,30.69,17.5
B8,C,B,4/30/2022,75,,2452.468333,25,30.66,17.6
B9,C,B,4/30/2022,75,,2452.468333,25,30.64,17.3
B10,C,B,4/30/2022,75,,2452.468333,25,30.64,17.4
B11,T,B,4/30/2022,75,,2452.468333,25,30.71,17.6
B12,T,B,4/30/2022,75,,2452.468333,25,30.66,17.7
B13,T,B,4/30/2022,75,,2452.468333,25,30.62,17.6
B14,T,B,4/30/2022,75,,2452.468333,25,30.64,17.5
B15,C,B,4/30/2022,75,,2452.468333,25,30.64,17.6
B16,C,B,4/30/2022,75,,2452.468333,25,30.63,17.6
H1,C,H,5/1/2022,76,7.751749646,2452.468333,25,30.62,17.8
H2,T,H,5/1/2022,76,7.463018418,2452.468333,25,30.64,18.1
H3,T,H,5/1/2022,76,7.407412367,2452.468333,25,30.61,18
H4,C,H,5/1/2022,76,7.744376477,2452.468333,25,30.61,18
B1,C,B,5/1/2022,76,7.581151376,2452.468333,25,30.61,17.7
B2,C,B,5/1/2022,76,,2452.468333,25,30.61,17.7
B3,T,B,5/1/2022,76,,2452.468333,25,30.61,17.7
B4,T,B,5/1/2022,76,,2452.468333,25,30.62,17.8
B5,T,B,5/1/2022,76,7.331860794,2452.468333,25,30.59,17.7
B6,T,B,5/1/2022,76,,2452.468333,25,30.62,17.7
B7,C,B,5/1/2022,76,,2452.468333,25,30.61,17.7
B8,C,B,5/1/2022,76,,2452.468333,25,30.62,17.7
B9,C,B,5/1/2022,76,,2452.468333,25,30.65,17.6
B10,C,B,5/1/2022,76,,2452.468333,25,30.63,17.7
B11,T,B,5/1/2022,76,,2452.468333,25,30.62,17.7
B12,T,B,5/1/2022,76,7.338272271,2452.468333,25,30.62,17.7
B13,T,B,5/1/2022,76,,2452.468333,25,30.62,17.7
B14,T,B,5/1/2022,76,,2452.468333,25,30.62,17.7
B15,C,B,5/1/2022,76,7.615524652,2452.468333,25,30.61,17.7
B16,C,B,5/1/2022,76,,2452.468333,25,30.62,17.7
H1,C,H,5/2/2022,77,7.75390981,2452.468333,25,30.55,17.9
H2,T,H,5/2/2022,77,7.419519688,2452.468333,25,30.6,18
H3,T,H,5/2/2022,77,7.43190941,2452.468333,25,30.61,18.2
H4,C,H,5/2/2022,77,7.752356149,2452.468333,25,30.6,18
B1,C,B,5/2/2022,77,7.719732558,2452.468333,25,30.6,17.4
B2,C,B,5/2/2022,77,7.7111895,2452.468333,25,30.62,17.4
B3,T,B,5/2/2022,77,7.369197632,2452.468333,25,30.7,17.7
B4,T,B,5/2/2022,77,7.361482641,2452.468333,25,30.67,17.8
B5,T,B,5/2/2022,77,7.339055772,2452.468333,25,30.62,17.7
B6,T,B,5/2/2022,77,7.361567041,2452.468333,25,30.63,17.8
B7,C,B,5/2/2022,77,7.7113161,2452.468333,25,30.56,17.4
B8,C,B,5/2/2022,77,7.718905545,2452.468333,25,30.6,17.4
B9,C,B,5/2/2022,77,7.701942421,2452.468333,25,30.66,17.4
B10,C,B,5/2/2022,77,7.703587581,2452.468333,25,30.64,17.4
B11,T,B,5/2/2022,77,7.324489734,2452.468333,25,30.7,17.7
B12,T,B,5/2/2022,77,7.338187871,2452.468333,25,30.66,17.8
B13,T,B,5/2/2022,77,7.330749329,2452.468333,25,30.63,17.8
B14,T,B,5/2/2022,77,7.338230071,2452.468333,25,30.64,17.6
B15,C,B,5/2/2022,77,7.693494241,2452.468333,25,30.57,17.4
B16,C,B,5/2/2022,77,7.67564454,2452.468333,25,30.62,17.3
H1,C,H,5/3/2022,78,7.766208907,2452.468333,25,30.62,17.2
H2,T,H,5/3/2022,78,7.440728854,2452.468333,25,30.71,17.8
H3,T,H,5/3/2022,78,7.423126984,2452.468333,25,30.68,18
H4,C,H,5/3/2022,78,7.750615415,2452.468333,25,30.57,17.6
B1,C,B,5/3/2022,78,,2452.468333,25,30.67,17.5
B2,C,B,5/3/2022,78,,2452.468333,25,30.66,17.5
B3,T,B,5/3/2022,78,,2452.468333,25,30.69,17.8
B4,T,B,5/3/2022,78,,2452.468333,25,30.66,17.9
B5,T,B,5/3/2022,78,,2452.468333,25,30.63,17.9
B6,T,B,5/3/2022,78,,2452.468333,25,30.63,17.9
B7,C,B,5/3/2022,78,,2452.468333,25,30.6,17.5
B8,C,B,5/3/2022,78,,2452.468333,25,30.63,17.3
B9,C,B,5/3/2022,78,,2452.468333,25,30.66,17.3
B10,C,B,5/3/2022,78,,2452.468333,25,30.64,17.4
B11,T,B,5/3/2022,78,,2452.468333,25,30.7,17.8
B12,T,B,5/3/2022,78,,2452.468333,25,30.68,17.9
B13,T,B,5/3/2022,78,,2452.468333,25,30.63,17.8
B14,T,B,5/3/2022,78,,2452.468333,25,30.65,17.8
B15,C,B,5/3/2022,78,,2452.468333,25,30.59,17.4
B16,C,B,5/3/2022,78,,2452.468333,25,30.63,17.3
H1,C,H,5/4/2022,79,7.75376211,2452.468333,25,30.62,17.9
H2,T,H,5/4/2022,79,7.421416966,2452.468333,25,30.62,18.1
H3,T,H,5/4/2022,79,7.415274346,2452.468333,25,30.61,18.2
H4,C,H,5/4/2022,79,7.760232801,2452.468333,25,30.58,17.5
B1,C,B,5/4/2022,79,,2452.468333,25,30.62,17.1
B2,C,B,5/4/2022,79,7.728048278,2452.468333,25,30.62,17.1
B3,T,B,5/4/2022,79,,2452.468333,25,30.64,17.6
B4,T,B,5/4/2022,79,7.384498156,2452.468333,25,30.64,17.6
B5,T,B,5/4/2022,79,,2452.468333,25,30.65,17.7
B6,T,B,5/4/2022,79,7.390409785,2452.468333,25,30.65,17.8
B7,C,B,5/4/2022,79,,2452.468333,25,30.7,17.5
B8,C,B,5/4/2022,79,7.727030044,2452.468333,25,30.64,17.8
B9,C,B,5/4/2022,79,,2452.468333,25,30.61,17.3
B10,C,B,5/4/2022,79,7.72254186,2452.468333,25,30.54,17.4
B11,T,B,5/4/2022,79,,2452.468333,25,30.65,17.6
B12,T,B,5/4/2022,79,7.376711854,2452.468333,25,30.64,17.7
B13,T,B,5/4/2022,79,,2452.468333,25,30.65,17.7
B14,T,B,5/4/2022,79,7.368797081,2452.468333,25,30.65,17.8
B15,C,B,5/4/2022,79,,2452.468333,25,30.64,17.8
B16,C,B,5/4/2022,79,7.748414001,2452.468333,25,30.63,17.8
H1,C,H,5/5/2022,80,7.783249206,2452.468333,25,30.63,17.8
H2,T,H,5/5/2022,80,7.40558508,2452.468333,25,30.66,18
H3,T,H,5/5/2022,80,7.41342965,2452.468333,25,30.64,18.1
H4,C,H,5/5/2022,80,7.767799561,2452.468333,25,30.65,17.7
B1,C,B,5/5/2022,80,,2452.468333,25,30.66,17.8
B2,C,B,5/5/2022,80,,2452.468333,25,30.67,17.8
B3,T,B,5/5/2022,80,,2452.468333,25,30.65,17.9
B4,T,B,5/5/2022,80,,2452.468333,25,30.67,17.9
B5,T,B,5/5/2022,80,,2452.468333,25,30.65,17.9
B6,T,B,5/5/2022,80,,2452.468333,25,30.66,17.9
B7,C,B,5/5/2022,80,,2452.468333,25,30.65,17.8
B8,C,B,5/5/2022,80,,2452.468333,25,30.74,17.7
B9,C,B,5/5/2022,80,,2452.468333,25,30.65,17.9
B10,C,B,5/5/2022,80,,2452.468333,25,30.67,17.8
B11,T,B,5/5/2022,80,,2452.468333,25,30.71,17.7
B12,T,B,5/5/2022,80,,2452.468333,25,30.69,17.8
B13,T,B,5/5/2022,80,,2452.468333,25,30.67,17.8
B14,T,B,5/5/2022,80,,2452.468333,25,30.67,17.8
B15,C,B,5/5/2022,80,,2452.468333,25,30.65,17.9
B16,C,B,5/5/2022,80,,2452.468333,25,30.65,17.9
H1,C,H,5/6/2022,81,7.789034235,2441.3125,25,30.64,18
H2,T,H,5/6/2022,81,7.423470033,2441.3125,25,30.63,17.9
H3,T,H,5/6/2022,81,7.438211932,2441.3125,25,30.63,18
H4,C,H,5/6/2022,81,7.771317436,2441.3125,25,30.64,17.9
B1,C,B,5/6/2022,81,7.70972095,2441.3125,25,30.69,17.8
B2,C,B,5/6/2022,81,,2441.3125,25,30.66,17.8
B3,T,B,5/6/2022,81,7.391374313,2441.3125,25,30.65,17.9
B4,T,B,5/6/2022,81,,2441.3125,25,30.65,17.9
B5,T,B,5/6/2022,81,7.407147617,2441.3125,25,30.63,17.9
B6,T,B,5/6/2022,81,,2441.3125,25,30.65,17.9
B7,C,B,5/6/2022,81,7.765001724,2441.3125,25,30.66,17.8
B8,C,B,5/6/2022,81,,2441.3125,25,30.66,17.7
B9,C,B,5/6/2022,81,7.752271749,2441.3125,25,30.64,17.8
B10,C,B,5/6/2022,81,,2441.3125,25,30.74,17.6
B11,T,B,5/6/2022,81,7.400439205,2441.3125,25,30.67,17.8
B12,T,B,5/6/2022,81,,2441.3125,25,30.65,17.9
B13,T,B,5/6/2022,81,7.421374766,2441.3125,25,30.64,17.8
B14,T,B,5/6/2022,81,,2441.3125,25,30.64,17.9
B15,C,B,5/6/2022,81,7.73738947,2441.3125,25,30.64,17.8
B16,C,B,5/6/2022,81,,2441.3125,25,30.65,17.8
B1,C,B,5/7/2022,82,7.456854833,2441.3125,25,,16.4
B2,C,B,5/7/2022,82,,2441.3125,25,,16.5
B3,T,B,5/7/2022,82,7.147289226,2441.3125,25,,16.8
B4,T,B,5/7/2022,82,,2441.3125,25,,16.9
B5,T,B,5/7/2022,82,,2441.3125,25,,16.9
B6,T,B,5/7/2022,82,,2441.3125,25,,16.8
B7,C,B,5/7/2022,82,7.522869099,2441.3125,25,,16.4
B8,C,B,5/7/2022,82,,2441.3125,25,,16.4
B9,C,B,5/7/2022,82,,2441.3125,25,,16.1
B10,C,B,5/7/2022,82,,2441.3125,25,,16.3
B11,T,B,5/7/2022,82,7.177041824,2441.3125,25,,17
B12,T,B,5/7/2022,82,,2441.3125,25,,16.9
B13,T,B,5/7/2022,82,7.292094151,2441.3125,25,,17
B14,T,B,5/7/2022,82,,2441.3125,25,,17
B15,C,B,5/7/2022,82,7.520811339,2441.3125,25,,16.3
B16,C,B,5/7/2022,82,,2441.3125,25,,16.2
H1,C,H,5/8/2022,83,7.81944317,2441.3125,25,,
H2,T,H,5/8/2022,83,7.404308006,2441.3125,25,,
H3,T,H,5/8/2022,83,7.41351405,2441.3125,25,,
H4,C,H,5/8/2022,83,7.807128077,2441.3125,25,,
B1,C,B,5/8/2022,83,7.68463885,2441.3125,25,,17.7
B2,C,B,5/8/2022,83,7.755308387,2441.3125,25,,17.8
B3,T,B,5/8/2022,83,7.361630341,2441.3125,25,,17.8
B4,T,B,5/8/2022,83,7.369147099,2441.3125,25,,17.8
B5,T,B,5/8/2022,83,7.369408632,2441.3125,25,,17.9
B6,T,B,5/8/2022,83,7.376298674,2441.3125,25,,17.9
B7,C,B,5/8/2022,83,7.760190601,2441.3125,25,,17.9
B8,C,B,5/8/2022,83,7.773252015,2441.3125,25,,17.9
B9,C,B,5/8/2022,83,7.732065193,2441.3125,25,,17.6
B10,C,B,5/8/2022,83,7.744397577,2441.3125,25,,17.7
B11,T,B,5/8/2022,83,7.277237265,2441.3125,25,,17.7
B12,T,B,5/8/2022,83,,2441.3125,25,,17.8
B13,T,B,5/8/2022,83,7.361630341,2441.3125,25,,17.8
B14,T,B,5/8/2022,83,7.369689022,2441.3125,25,,17.9
B15,C,B,5/8/2022,83,7.376796254,2441.3125,25,,17.9
B16,C,B,5/8/2022,83,7.782989518,2441.3125,25,,17.9
H1,C,H,5/9/2022,84,7.775503454,2441.3125,,,
H2,T,H,5/9/2022,84,7.41351405,2441.3125,,,
H3,T,H,5/9/2022,84,7.377328782,2441.3125,,,
H4,C,H,5/9/2022,84,7.779260301,2441.3125,,,
H1,C,H,5/11/2022,86,7.829584596,2441.3125,,,
H2,T,H,5/11/2022,86,7.415295446,2441.3125,,,
H3,T,H,5/11/2022,86,7.417702175,2441.3125,,,
H4,C,H,5/11/2022,86,7.816829407,2441.3125,,,
H1,C,H,5/13/2022,88,7.786971256,2427.826667,,,
H2,T,H,5/13/2022,88,7.424575352,2427.826667,,,
H3,T,H,5/13/2022,88,7.428609224,2427.826667,,,
H4,C,H,5/13/2022,88,7.793484394,2427.826667,,,
H1,C,H,5/14/2022,89,,2427.826667,25,,17.8
H2,T,H,5/14/2022,89,,2427.826667,25,,18.1
H3,T,H,5/14/2022,89,,2427.826667,25,,18
H4,C,H,5/14/2022,89,,2427.826667,25,,17.9
B1,C,B,5/14/2022,89,,2427.826667,25,,18
B2,C,B,5/14/2022,89,,2427.826667,25,,18
B3,T,B,5/14/2022,89,,2427.826667,25,,18
B4,T,B,5/14/2022,89,,2427.826667,25,,18
B5,T,B,5/14/2022,89,,2427.826667,25,,18
B6,T,B,5/14/2022,89,,2427.826667,25,,18
B7,C,B,5/14/2022,89,,2427.826667,25,,17.9
B8,C,B,5/14/2022,89,,2427.826667,25,,17.9
B9,C,B,5/14/2022,89,,2427.826667,25,,17.9
B10,C,B,5/14/2022,89,,2427.826667,25,,17.9
B11,T,B,5/14/2022,89,,2427.826667,25,,17.9
B12,T,B,5/14/2022,89,,2427.826667,25,,18
B13,T,B,5/14/2022,89,,2427.826667,25,,18
B14,T,B,5/14/2022,89,,2427.826667,25,,18
B15,C,B,5/14/2022,89,,2427.826667,25,,17.9
B16,C,B,5/14/2022,89,,2427.826667,25,,17.9
H1,C,H,5/15/2022,90,7.752058008,2427.826667,25,,18
H2,T,H,5/15/2022,90,7.412203621,2427.826667,25,,18
H3,T,H,5/15/2022,90,7.424575352,2427.826667,25,,18
H4,C,H,5/15/2022,90,7.763260446,2427.826667,25,,18
H1,C,H,5/16/2022,91,7.816829407,2427.826667,25,,18
H2,T,H,5/16/2022,91,7.417702175,2427.826667,25,,18
H3,T,H,5/16/2022,91,7.390515285,2427.826667,25,,18
H4,C,H,5/16/2022,91,7.804160858,2427.826667,25,,18
H1,C,H,5/18/2022,93,7.858567438,2427.826667,25,,18
H2,T,H,5/18/2022,93,7.42146205,2427.826667,25,,18
H3,T,H,5/18/2022,93,7.429555162,2427.826667,25,,18
H4,C,H,5/18/2022,93,7.817312782,2427.826667,25,,18
H1,C,H,5/19/2022,94,7.816829407,2427.826667,25,,18
H2,T,H,5/19/2022,94,7.425248941,2427.826667,25,,18
H3,T,H,5/19/2022,94,7.408815827,2427.826667,25,,18
H4,C,H,5/19/2022,94,7.79361159,2427.826667,25,,18
B1,C,B,5/19/2022,94,7.73747387,2427.826667,25,,18
B2,C,B,5/19/2022,94,7.743137632,2427.826667,25,,18
H2,T,H,5/20/2022,95,7.410284315,2427.826667,25,,18
H3,T,H,5/20/2022,95,7.398047018,2427.826667,25,,18
H4,C,H,5/20/2022,95,7.71265866,2427.826667,25,,18
H1,C,H,5/22/2022,97,7.806970831,2427.826667,25,,18
H2,T,H,5/22/2022,97,7.435283588,2427.826667,25,,18
H3,T,H,5/22/2022,97,7.419519688,2427.826667,25,,18
H4,C,H,5/22/2022,97,7.781091773,2427.826667,25,,18
H1,C,H,5/23/2022,98,7.782989518,2427.826667,25,,18
H2,T,H,5/23/2022,98,7.421459166,2427.826667,25,,18
H3,T,H,5/23/2022,98,7.398047018,2427.826667,25,,18
H4,C,H,5/23/2022,98,7.766251107,2427.826667,25,,18
